{
    "pepe": {
        "buy_price": 0.051158999999999996,
        "amount_coin": 1443346.0,
        "tp1": 0.05173375,
        "tp2": 0.0523035,
        "sl": 0.04994310714285714,
        "trade_type": "AUDIT HOLD",
        "timestamp": "2026-06-08T14:54:08.930418",
        "highest_price": 0.051158999999999996
    }
}